track_id,track_name,artist,cluster,popularity,action
4HTNf7HP0VCxrcxWtanJx7,Top Lesi Poddi,Sagar,0,0,ADD
5Msq2Jy5BlzCrdLsnFN3E2,"Bell Bottom (From ""Jayammana Maga"")",Tippu,0,0,ADD
5LUMi9D1VMP2xECeNHV2sI,"Nalli Katte (From ""Jayammana Maga"")",Vijay Prakash,0,0,ADD
3tqFw0jwBLcqv2guvQBto9,"Common Common (From ""Bullet Basya"")",Malathi,0,0,ADD
60GKG0wbJXlwYLV6JwpNkO,BANE,Lucho RK,0,0,ADD
5SrkQS5T1ZWO5U4lw7jFOV,First Quarter 2.0,W1ZZY,0,0,ADD
0MVYXqibsoolBNFnmMdVdX,Top Flame,JERRY,0,0,ADD
58BJ5oUPX5ST2pjCtOSMkk,"Money Calling (feat. RAYE, Russ Millions & wewantwraiths)",Da Beatfreakz,0,0,ADD
0eLtIxPRNJfsmehITZ1qaJ,Sahiba,Aditya Rikhari,0,0,ADD
6aMoxZbGxqRkyNKAlkzIpP,Panwadi - Best Wedding Dance Song 2026,Khesari Lal Yadav,0,0,ADD
5cpEPP2BHKOKIIfDIF5AfM,Pollachi Mala Rottula,Bharani,0,0,ADD
5thVzD79BxlDTYy0LfHzvu,Zaroor,Aparshakti Khurana,0,0,ADD
1GxHeBvQ9935Dd3cSfsfBa,Best I Ever Had,Drake,0,0,ADD
4JgB6JEI7TM9lapSRF6pnL,O Mere Khuda,Atif Aslam,0,0,ADD
6vxRgGgONFHHBQyIZsGy9p,Best Yaar,Jass Bajwa,0,0,ADD
4cVgfaHzVDu3srYfJEP0AN,"Raga of Revenge (From ""DC"")",Anirudh Ravichander,0,0,ADD
