rank,track_id,track_name,artist,popularity
1,4HTNf7HP0VCxrcxWtanJx7,Top Lesi Poddi,Sagar,0
2,2MCjV49hbv76CtqKmG0pFq,Dariya,Arko,0
3,4x8JsInrhf0yWYFRpF4vRz,Top Fella,Karan Aujla,0
4,2iphEAAh75lgFRk1DnPJqT,O Meri Laila,Atif Aslam,0
5,5nEmHo7MLWWfiE3LR6XP8S,Nazm Nazm,Arko,0
6,1dDC0KrgGl4Ttb7qtSIdEM,Ishq de Fanniyar - Female Version,Jyotica Tangri,0
7,0MVYXqibsoolBNFnmMdVdX,Top Flame,JERRY,0
8,60GKG0wbJXlwYLV6JwpNkO,BANE,Lucho RK,0
9,5SrkQS5T1ZWO5U4lw7jFOV,First Quarter 2.0,W1ZZY,0
10,4FcSMFkzTgkJZpLGiPj43J,3RD FLOOR AT 86,XNDRSOUND,0
11,0eLtIxPRNJfsmehITZ1qaJ,Sahiba,Aditya Rikhari,0
12,0Z9u8w3r5VFGDYJsDMvRlN,Tera Hone Laga Hoon,Pritam,0
13,52nQOadCNiAVCYxLypSgdG,Jeene Laga Hoon,Sachin-Jigar,0
14,4FOUqzsudVWkcFPQGSEqY2,Main Rang Sharbaton Ka,Atif Aslam,0
15,58GMxyAzfNTiWSFNaTjB5X,Tere Liye,Atif Aslam,0
16,5thVzD79BxlDTYy0LfHzvu,Zaroor,Aparshakti Khurana,0
17,4PnHmtZRPQfob9G1YsfmOP,Not Mad Anymore,Ashe,0
18,3A3oq3VMSboPPWBYTRq0nX,Dil Lagana Mana Tha,Krish Mondal,0
19,1GxHeBvQ9935Dd3cSfsfBa,Best I Ever Had,Drake,0
20,1WERhgO8sSoeGP4XVTiBoQ,KLATSCH DAS!,Jazeek,0
21,4cVgfaHzVDu3srYfJEP0AN,"Raga of Revenge (From ""DC"")",Anirudh Ravichander,0
22,5Z1VT8zs0pdDtqbx8b0g62,"Aadiney Irupen (From ""Happy Raj"")",Justin Prabhakaran,0
23,3GNlsHDf3OH7V3LgccGAFc,"Mutta Kalakki (From ""Youth"")",G. V. Prakash,0
24,5jCuQyeS4WP4ZYskYhfRlH,Ishq de Fanniyar - Female Version,Jyotica Tangri,0
25,7DswdgrPTR2xDB1vCBToi4,"Mutta Kalakki (From ""Youth"")",G. V. Prakash,0
26,4FKXYi0dzNgIYlHQiDJqY5,Heer Na Jaane Ranjha Na Jaane - Dhoonde Akhiyaan - Trending Version,Yasser Desai,0
27,4IjtCa5ndQ7yDot9U2U2NB,Trend,POPZ.69,0
28,5J6av46lAHY6gAdAkbx6H1,Free My Mind - Acoustic Version,Deeboysolid,0
29,4Qclz28102D0f8YyJFS3i5,Free My Mind - Sped Up Version,Deeboysolid,0
30,51KC0I0wad4nE2k5FT1xPz,DON'T STOP,Josi,0
31,2HI1eYwbbiJGqi0XaeByOI,Shaky,Sanju Rathod,0
32,6cd9eJFXIl72tDwLguJxSp,"Viral Vayyari ( From ""Junior"")",Devi Sri Prasad,0
33,5ZLkihi6DVsHwDL3B8ym1t,One Love,Shubh,0
34,6ZY6yPb2Lh4HWFBm1fAYTj,Viral Vayyari (Kannada),Devi Sri Prasad,0
35,5bP69IDZDEWdQkjMQXsQgw,"Manasaagadhe - From ""Toxic - Telugu""",Tanishk Bagchi,0
36,1M3dZh2M4Di7MOsmjcyAgV,Viralil Enthanithra,Manjari,0
37,5iNM2eu7KVTGqNPdLHYXt4,"Poraali ( From ""G.D.N."")",Govind Vasantha,0
38,00PYMeyU91Xt0j9UwmEpoX,Bassthoven,Kyle Exum,0
39,4ZGFSbeCUDk1sAn0pKeo3c,Mayday,Plutoopia,0
40,4ROldgaRDDAI2VP8rWkjat,Udi Udi,Aneesh,0
41,2NIwp9CFHnCQmAmDASrb0T,"Tere Paas Main - Female Version (From ""Main Vaapas Aaunga"")",A.R. Rahman,0
42,64hr9r3k8QLPg6pDjLzWK4,"Maskara (From ""Main Vaapas Aaunga"")",A.R. Rahman,0
43,0R4AjOXjCsW4zjmXtNt344,"Tera Naam Doon (From ""Entertainment"")",Sachin-Jigar,0
44,2jw1vFPJnVSjywctRTpVeO,Woh Lamhe Woh Baatein,Roop Kumar Rathod,0
45,5uXge1cK24monr2woxAZ7F,P-POP CULTURE,Karan Aujla,0
46,0YRpv07J0y7J73X87efpia,I’m Done. - I-Popstar: Vol. 1,Maan Panu,0
47,0xYYUicaDPp0VPyL0z7xzB,"Aura 10/10 (From ""Meesaya Murukku 2"")",Hiphop Tamizha,0
48,0MuYYB8hWumXfGy5GlFWrd,Hip Hop Pammi,Sachin-Jigar,0
49,5R1WyFcSEkDARtEx92oftS,Issey Kehte Hain Hip Hop,Yo Yo Honey Singh,0
50,0Dt5EqEckM8jcfMYEdlx2Z,Amsham - അംശം,Aksomaniac,0
